"","lnBMR","lnMass","lnMass2","TempK"
"Ornithorhynchus_anatinus",2.24070968927596,7.17011954344963,51.4106142673583,0.00327493040772884
"Tachyglossus_aculeatus",1.7281094421516,7.6685611080159,58.806829467374,0.00329435018942514
"Zaglossus_bartoni",3.19499288440487,9.23989917421773,85.3757367497095,0.00329001480506662
"Cyclopes_didactylus",0.837247524533702,5.51745289646471,30.4422864647068,0.00326637269312429
"Myrmecophaga_tridactyla",3.95565704244821,10.3287552879405,106.683185798159,0.00326957658983162
"Tamandua_mexicana",2.90526037038992,8.1605182474775,66.5940580674132,NA
"Tamandua_tetradactyla",2.86619290219901,8.1605182474775,66.5940580674132,0.00324517280545189
"Choloepus_hoffmanni",2.77508560243837,8.35467426191846,69.8005820227628,0.00325044693645376
"Bradypus_variegatus",2.62321826558551,8.24012129807647,67.8995990070134,0.00326637269312429
"Priodontes_maximus",4.10758978897212,10.7186311024053,114.88905270945,0.0032599837000815
"Tolypeutes_matacus",1.43983512804792,7.05617528410041,49.7896096399495,0.00326637269312429
"Cabassous_centralis",2.77695417974942,8.24538446812075,67.9863650271269,0.0032599837000815
"Euphractus_sexcinctus",3.21205259952008,9.01066917684711,81.1921590145826,0.0032536196518627
"Zaedyus_pichiy",2.08442908319087,7.46164039220858,55.6760773426386,0.00324306794227339
"Chaetophractus_vellerosus",1.83098018238134,7.01211529430638,49.1697609006454,0.00325150382051699
"Chaetophractus_villosus",2.7868613815265,8.42068229103539,70.907890246557,0.0032441200324412
"Chaetophractus_nationi",2.41858876875035,7.67322312112171,58.8783530665168,0.00323991576219018
"Dasypus_sabanicola",1.83098018238134,7.22983877815125,52.2705687580596,NA
"Dasypus_novemcinctus",2.77258872223978,8.10772006191053,65.7351246023065,NA
"Trichechus_inunguis",5.3386432380196,12.0435537160324,145.047186110958,NA
"Procavia_capensis",2.56571829252441,7.78322401633604,60.5785760884701,NA
"Heterohyrax_brucei",2.67138621673062,7.60090245954208,57.7737181994728,0.00321595111754301
"Dendrohyrax_dorsalis",2.71403227277976,7.7007477945118,59.3015165946784,NA
"Orycteropus_afer",4.81518797008337,10.77895628989,116.185898699359,0.00325044693645376
"Geogale_aurita",-1.83258146374831,1.93152141160321,3.73077496348166,0.00329001480506662
"Microgale_cowani",-0.616186139423817,2.33214389523559,5.43889514808463,0.00326637269312429
"Limnogale_mergulus",0.371563556432483,4.3528552573736,18.947348891645,0.00327171601504989
"Microgale_dobsoni",-0.174353387144778,3.79773385902602,14.4227824639927,0.00327171601504989
"Microgale_talazaci",-0.139262067333508,3.78418963391826,14.3200911854544,0.00326530612244898
"Oryzorictes_hova",-0.116533816255952,3.79323946943818,14.3886656725036,NA
"Hemicentetes_semispinosus",0.254642218373581,4.89034912822175,23.9155145958992,NA
"Tenrec_ecaudatus",1.65632149833295,6.67203294546107,44.5160236253179,NA
"Setifer_setosus",0.896088024556636,6.27287700654617,39.3489859392556,0.00327493040772884
"Chrysochloris_asiatica",-0.198450938723838,3.52636052461616,12.4352185495712,NA
"Amblysomus_hottentotus",0.53062825106217,4.24849524204936,18.0497118217161,NA
"Macroscelides_proboscideus",0.0392207131532813,3.65842024662923,13.3840387009467,0.00320256204963971
"Elephantulus_brachyrhynchus",-0.127833371509885,3.81330703248899,14.54131052403,NA
"Elephantulus_myurus",0.285178942233662,4.14265842250065,17.1616188055156,0.00322705563443914
"Elephantulus_rufescens",0.131028262406404,3.97029191355212,15.7632178788174,0.00322113061684651
"Elephantulus_rozeti",-0.0408219945202552,3.81352775867905,14.5429939662157,0.00322653502403769
"Elephantulus_intufi",0.0392207131532813,3.83945231259331,14.7413940606781,NA
"Elephantulus_edwardii",0.0861776962410524,3.90801498403061,15.2725811154078,0.00321802091713596
"Petrodromus_tetradactylus",1.28093384546206,5.32836148789641,28.3914361456976,NA
"Pecari_tajacu",4.76063428861216,9.9134378833893,98.2762506678181,0.00321388397878837
"Phocoena_phocoena",5.9639648734054,10.2576593662567,105.219575674154,NA
"Orcinus_orca",8.96520680277036,14.9852024283133,224.556291817527,NA
"Tursiops_truncatus",7.05937704952645,11.9090134112658,141.824600429709,NA
"Tragulus_javanicus",2.86733055874947,7.39326309476384,54.660339188397,0.00320975766329642
"Gazella_subgutturosa",4.52580225060452,9.74683374249075,95.0007680037562,NA
"Madoqua_kirkii",3.65842024662923,8.43381158247719,71.1291778087264,0.00321491721588169
"Raphicerus_campestris",4.18525112090978,9.04782144247841,81.8630728549721,0.0031994880819069
"Philantomba_monticola",3.63732296719953,8.38935981990635,70.3813581878591,0.00320256204963971
"Ovis_canadensis",6.15245606069977,11.0821425488778,122.813883473648,NA
"Oreamnos_americanus",5.11841288626969,10.3734911817819,107.609319298507,NA
"Ovibos_moschatus",6.21676576897599,12.3216309861644,151.822590159207,NA
"Kobus_ellipsiprymnus",6.28439532099543,11.5129254649702,132.547452761959,0.00320666987333654
"Taurotragus_oryx",6.58324323327964,11.9183905730784,142.048033852444,0.00322945260778298
"Oryx_leucoryx",5.92471023959459,11.339761845961,128.590198723113,0.00320769847634322
"Connochaetes_taurinus",6.33192880499873,11.8493977015914,140.40822589048,NA
"Cervus_elaphus",5.78720408279527,10.9681982895286,120.301373718418,NA
"Odocoileus_virginianus",5.82741503510148,11.1217330161488,123.692945282494,NA
"Rangifer_tarandus",6.17366109608879,11.4521133255735,131.150899621778,NA
"Alces_americanus",7.04434165312486,12.7656884334656,162.962801180317,0.00320769847634322
"Capreolus_capreolus",5.00769765010891,9.85219425814858,97.0657317002959,NA
"Antilocapra_americana",5.3590831548706,10.5400643816077,111.092957168435,NA
"Camelus_dromedarius",6.69589779968489,12.9165684644247,166.837740896171,0.00321254176304292
"Cynopterus_brachyotis",-0.0512932943875506,3.62167070442049,13.1164986912576,0.00322945260778298
"Macroglossus_minimus",-1.23787435600162,2.79728133483015,7.82478286618915,0.0032232070910556
"Syconycteris_australis",-1.04982212449868,2.80336038090653,7.8588294252364,0.00322945260778298
"Dobsonia_moluccensis",2.00012773496011,6.00215717664673,36.0258907731718,0.00322632682690757
"Dobsonia_minor",0.405465108108164,4.30000279919529,18.4900240730873,0.00322945260778298
"Dobsonia_praedatrix",1.05779029414785,5.19017520792833,26.9379186889939,0.0032232070910556
"Eonycteris_spelaea",-0.0408219945202552,3.94352167248752,15.5513631813788,0.00325573823864561
"Rousettus_amplexicaudatus",0.741937344729377,4.51633897228148,20.3973177125485,0.00322945260778298
"Pteropus_poliocephalus",1.85002837735203,6.39359075395063,40.878002729003,0.00322945260778298
"Pteropus_hypomelanus",1.76814960358892,6.25536609089436,39.129604931111,0.00323781771086288
"Pteropus_pumilus",0.932164081030445,5.26888855585722,27.7611866140432,0.00323362974939369
"Pteropus_rodricensis",0.99694863489161,5.53930083599058,30.6838537516059,0.00322945260778298
"Pteropus_vampyrus",2.78809290877575,6.93176473144249,48.04936229207,0.00322528624415417
"Pteropus_giganteus",1.76985463384001,6.33185765847243,40.092421407156,0.00322736808132968
"Pteropus_scapulatus",1.5830939370945,5.89164421182577,34.7114715187401,0.0032242463324198
"Melonycteris_melanops",-0.139262067333508,3.9759363311718,15.8080697095319,0.00324622626197046
"Nyctimene_albiventer",-0.127833371509885,3.4307561839037,11.7700879933935,0.00323572237502022
"Nyctimene_cyclotis",0.470003629245736,3.6988297849671,13.6813417781598,0.00323467572375869
"Nyctophilus_timoriensis",-0.891598119283784,2.61006979274201,6.81246432298432,0.00326637269312429
"Nyctophilus_geoffroyi",-1.46967597005894,2.07944154167984,4.32407712526383,0.00328137817883511
"Miniopterus_schreibersii",-0.653926467406664,2.3887627892351,5.70618766323426,0.0032169856844137
"Pteronotus_parnellii",-0.478035800943,2.95491027903374,8.73149475713926,0.00323049588111775
"Pteronotus_personatus",-0.776528789498996,2.63905732961526,6.96462358899603,0.00321905681635281
"Pteronotus_quadridens",-2.12026353620009,1.58923520511658,2.52566853718194,0.00328578749782378
"Pteronotus_davyi",-1.17118298150295,2.24070968927596,5.02077991161517,0.00320564192979644
"Noctilio_leporinus",-0.0618754037180875,4.11087386417331,16.8992839271432,0.00325785958625183
"Noctilio_albiventris",-0.7339691750802,3.29583686600433,10.8625406473132,0.00327707684745207
"Rhinophylla_fischerae",-1.10866262452161,2.2512917986065,5.06831476247289,0.00324833522819555
"Carollia_perspicillata",-0.462035459596559,2.70136121295141,7.29735240283831,0.00323049588111775
"Sturnira_lilium",-0.23572233352107,3.08648663682246,9.52639975928362,0.00323049588111775
"Sturnira_tildae",-0.22314355131421,3.02042488614436,9.12296649284017,NA
"Sturnira_erythromos",-0.22314355131421,2.76631910922619,7.65252141406998,NA
"Artibeus_concolor",-0.415515443961666,2.98061863574394,8.88408745174407,0.00324201653428433
"Artibeus_fimbriatus",0.451075619360217,4.15731936138349,17.283304272534,NA
"Artibeus_lituratus",0.553885113226438,4.24420031776648,18.0132363373291,0.00322113061684651
"Chiroderma_doriae",-0.478035800943,2.99071973173045,8.94440451376185,NA
"Platyrrhinus_lineatus",-0.430782916092454,3.08648663682246,9.52639975928362,0.00323049588111775
"Uroderma_bilobatum",-0.63487827243597,2.78501124223834,7.75628761939394,0.0032441200324412
"Vampyressa_pusilla",-0.994252273343867,2.17475172148416,4.72954505009832,NA
"Chrotopterus_auritus",0.717839793150317,4.56538931597625,20.8427796064301,0.00322216851941357
"Tonatia_bidens",-0.23572233352107,3.31054301339402,10.959695043532,0.0032242463324198
"Phyllostomus_elongatus",-0.2484613592985,3.57234563785798,12.7616533563229,0.00323781771086288
"Phyllostomus_discolor",-0.371063681390832,3.51154543883102,12.3309513689749,0.00324939073923639
"Phyllostomus_hastatus",0.350656871613169,4.43319492124828,19.6532172097815,0.00324833522819555
"Erophylla_bombifrons",-1.02165124753198,2.77881927199042,7.72183654638537,NA
"Anoura_latidens",-0.301105092783922,2.61006979274201,6.81246432298432,NA
"Anoura_caudifer",-0.562118918153541,2.42480272571829,5.87966825865085,NA
"Monophyllus_redmani",-1.51412773262978,2.16332302566054,4.67996651335307,NA
"Leptonycteris_curasoae",-0.385662480811985,3.17805383034795,10.1000261485893,0.00324201653428433
"Glossophaga_soricina",-0.843970070294529,2.26176309847379,5.11557231361776,0.00323991576219018
"Glossophaga_longirostris",-0.63487827243597,2.60268968544438,6.77399359871857,0.0032200933827081
"Choeroniscus_godmani",-0.967584026261706,2.31253542384721,5.34782008654819,0.00322841000807102
"Macrotus_californicus",-1.23787435600162,2.45958884180371,6.04957727072532,NA
"Diphylla_ecaudata",-0.385662480811985,3.32503602069659,11.0558645389298,0.00327278677794142
"Desmodus_rotundus",-0.616186139423817,3.38099467434464,11.4311249879468,0.00324517280545189
"Diaemus_youngi",-0.385662480811985,3.60004824040732,12.9603473332598,0.00328461159467893
"Mormoops_blainvillei",-1.83258146374831,2.15176220325946,4.63008057937601,NA
"Mormoops_megalophylla",-0.713349887877465,2.80336038090653,7.8588294252364,0.00322528624415417
"Molossus_molossus",-1.04982212449868,2.74727091425549,7.5474974763142,0.0032835330815958
"Eumops_perotis",-0.22314355131421,4.02535169073515,16.2034562341043,0.00326211058554885
"Peropteryx_macrotis",-1.42711635564015,1.62924053973028,2.65442473630061,0.00324517280545189
"Saccopteryx_leptura",-1.66073120682165,1.43508452528932,2.05946759472487,NA
"Saccopteryx_bilineata",-1.23787435600162,2.05412373369555,4.21942431333135,0.00323991576219018
"Myotis_vivesi",-0.328504066972036,3.2188758248682,10.3611615759209,0.00323467572375869
"Myotis_chiloensis",-1.6094379124341,1.75785791755237,3.09006445830156,NA
"Chalinolobus_gouldii",-0.693147180559945,2.86220088092947,8.19219388279343,0.00323467572375869
"Lasiurus_cinereus",-1.10866262452161,2.99071973173045,8.94440451376185,0.00324728040266277
"Lasiurus_seminolus",-1.30933331998376,2.28238238567653,5.20926935444649,0.0032441200324412
"Lasiurus_borealis",-1.04982212449868,2.50143595173921,6.25718182065345,0.00323781771086288
"Lasiurus_intermedius",-0.994252273343867,3.11794990627824,9.72161161806048,0.00324517280545189
"Nycticeius_humeralis",-1.51412773262978,2.19722457733622,4.82779584325033,0.00325573823864561
"Natalus_tumidirostris",-1.77195684193188,1.68639895357023,2.84394143060277,0.00327493040772884
"Histiotus_velatus",-1.6094379124341,2.41591377830105,5.83663938418486,0.0032932652725177
"Rhinonicteris_aurantia",-1.10866262452161,2.11625551480255,4.47853740393221,0.00323362974939369
"Hipposideros_maggietaylorae",-0.867500567704723,2.90142159408275,8.41824726660969,0.00322841000807102
"Hipposideros_galeritus",-1.66073120682165,2.14006616349627,4.57988318414164,0.00326317506934247
"Aselliscus_tricuspidatus",-1.96611285637283,1.43508452528932,2.05946759472487,0.00323258445126879
"Hipposideros_cervinus",-1.71479842809193,2.11625551480255,4.47853740393221,0.00322841000807102
"Hipposideros_diadema",-0.415515443961666,3.6163087612791,13.077689056904,0.00322528624415417
"Macroderma_gigas",0.636576829071551,4.6746962486367,21.852785017018,0.00323886639676113
"Paranyctimene_raptor",-0.713349887877465,3.16124671203156,9.99348077433035,0.00325785958625183
"Manis_pentadactyla",2.598235335095,8.19905191147975,67.2244522471397,0.00326200417536534
"Manis_tetradactyla",1.52388002407245,7.26542972325395,52.786469063542,NA
"Manis_crassicaudata",3.13549421592915,9.67470312133183,93.5998804859079,0.00326211058554885
"Manis_tricuspis",2.8953592994072,7.91205688817901,62.6006442017809,NA
"Manis_javanica",3.09240516081425,8.34759040703006,69.6822656035403,0.00327385824193812
"Cerdocyon_thous",3.42132675295732,8.60226936377136,73.9990382068793,0.00321181949574434
"Vulpes_rueppellii",2.77570884957602,7.34342622914737,53.9259087829296,NA
"Vulpes_vulpes",3.40684805317097,8.02617019494643,64.4194079982464,0.00320461464508893
"Vulpes_cana",2.5408142817263,7.15851399732932,51.2443226499598,0.00320872773945131
"Vulpes_lagopus",3.76259449193622,8.53503310954457,72.846790181022,NA
"Vulpes_zerda",2.07944154167984,7.00850518208228,49.1191448872742,0.00321905681635281
"Lycalopex_culpaeus",3.71137453194131,8.59748202264504,73.9166971297047,NA
"Canis_latrans",3.98898404656427,9.21034037197618,84.8303697676543,NA
"Canis_lupus",5.08975449854885,10.4042628404486,108.24868525314,NA
"Canis_mesomelas",4.32809829264833,8.95156964301882,80.1305990738161,0.00322113061684651
"Nyctereutes_procyonoides",4.11005385592728,8.93260863037757,79.7914969434959,NA
"Melursus_ursinus",5.13232181235286,11.1118507051634,123.47322609384,NA
"Ursus_americanus",5.7263264390911,11.7714361601217,138.566709271821,NA
"Ursus_arctos",5.98138895841038,12.0435537160324,145.047186110958,NA
"Ursus_maritimus",6.10448068357669,12.108090398933,146.605853108733,NA
"Zalophus_californianus",6.4623584049826,11.1982147201305,125.400012918147,NA
"Leptonychotes_weddellii",7.31175932025179,12.8700484487898,165.638147074197,NA
"Phoca_vitulina",6.348246985269,11.3558856155089,128.956138112522,0.00322736808132968
"Pusa_hispida",5.65175206656182,10.7054891380082,114.607497684012,NA
"Mephitis_mephitis",3.41015712303363,8.64241515616962,74.6913397315903,0.00323049588111775
"Spilogale_putorius",1.7732559976635,6.43615036836943,41.4240315642619,0.00322945260778298
"Ailurus_fulgens",2.87016905057865,8.65521448931361,74.9127378560242,0.00321802091713596
"Taxidea_taxus",3.99304984407052,9.10497985631836,82.9006581839631,0.00321388397878837
"Eira_barbara",3.19948911106801,7.98956044933387,63.83307617356,0.00320975766329642
"Gulo_gulo",4.76482000351763,9.44935727244668,89.290352862341,NA
"Martes_martes",2.69327491552006,6.82437367004309,46.5720759883774,NA
"Martes_americana",2.6217658325052,6.94505106372583,48.2337342777593,NA
"Meles_meles",4.09284343609583,9.3101857069459,86.6795578978197,NA
"Enhydra_lutris",5.5616042821651,9.7981270368783,96.0032934308055,0.00321285140562249
"Lutra_lutra",4.5038016915998,9.21034037197618,84.8303697676543,NA
"Mustela_frenata",1.73518911773966,5.6937321388027,32.4185856684348,0.00320358801858081
"Mustela_erminea",1.83098018238134,5.34710753071747,28.5915589450555,NA
"Mustela_putorius",3.23080439573347,7.36201055125973,54.1991993568596,NA
"Mustela_nivalis",1.26412672714568,4.34380542185368,18.8686455429254,NA
"Potos_flavus",2.72326716690707,7.78322401633604,60.5785760884701,0.00323676970383557
"Procyon_cancrivorus",2.2321626286975,7.05617528410041,49.7896096399495,NA
"Procyon_lotor",3.78123071517812,8.48104774477988,71.9281708492359,NA
"Bassariscus_sumichrasti",2.54474665014402,7.15617663748062,51.2108640668234,0.00320564192979644
"Nasua_narica",3.18841661738349,8.20794694104862,67.3703929870694,0.00320769847634322
"Nasua_nasua",2.99972429482353,8.29404964010203,68.7912594324766,NA
"Nandinia_binotata",2.85186190313429,8.35936910622267,69.87905185407,0.0032200933827081
"Arctictis_binturong",3.12015985192904,9.56661523589358,91.5201270716312,0.00322736808132968
"Arctogalidia_trivirgata",2.40694510831829,7.60589000105312,57.8495627081198,0.00323258445126879
"Paradoxurus_hermaphroditus",2.72326716690707,8.05832730658096,64.9366389799883,0.00322997416020672
"Lynx_rufus",4.43970574626056,9.14846496825809,83.6944112754455,NA
"Acinonyx_jubatus",5.19501029668211,10.5427063910705,111.148658048319,NA
"Puma_concolor",5.18054683081353,10.5240640402612,110.755923923519,0.00321802091713596
"Leopardus_wiedii",2.9338568698359,8.1886891244442,67.0546295767907,0.00321388397878837
"Leopardus_pardalis",4.14709512760763,9.25913053614561,85.7314982853841,0.00321388397878837
"Leptailurus_serval",4.14106910239497,9.22029070282935,85.0137606446814,0.00322736808132968
"Panthera_onca",5.41463265892938,10.8277464540595,117.240093273398,NA
"Panthera_leo",5.83023889860876,11.4927227576527,132.082676384268,0.00321491721588169
"Panthera_tigris",6.17754984546559,11.8342840637814,140.05027930227,0.0032242463324198
"Genetta_tigrina",2.72785282839839,7.45703208912238,55.6073275782009,0.00320872773945131
"Proteles_cristata",3.78236979720128,8.99961934066053,80.9931482767911,0.00323049588111775
"Hyaena_hyaena",4.74510602628561,10.442900633154,109.054173633928,NA
"Suricata_suricatta",1.84371920815877,6.74523634948436,45.4982134104051,0.00323467572375869
"Herpestes_javanicus",2.09186406167839,6.4150969591716,41.1534689955727,0.00319580710108338
"Galerella_sanguinea",2.03208784529637,6.21460809842219,38.6213538169747,0.00320666987333654
"Fossa_fossana",2.90142159408275,7.72312009226633,59.6465839595679,0.00321491721588169
"Neomys_fodiens",-0.23572233352107,2.60268968544438,6.77399359871857,0.00321491721588169
"Sorex_araneus",-0.0618754037180875,2.04122032885964,4.16658043094986,NA
"Sorex_cinereus",-0.63487827243597,1.43508452528932,2.05946759472487,NA
"Sorex_coronatus",0.0392207131532813,2.2082744135228,4.87647588541947,0.00321802091713596
"Sorex_vagrans",-0.916290731874155,1.64865862558738,2.71807526372367,NA
"Sorex_alpinus",-0.0304592074847086,2.06686275947298,4.27192166649626,0.00320769847634322
"Sorex_minutus",-0.562118918153541,1.19392246847243,1.4254508607233,0.00320872773945131
"Sorex_palustris",0.336472236621213,2.66722820658195,7.11410630598636,0.00320769847634322
"Cryptotis_parva",-0.967584026261706,1.82454929205105,3.32898011912399,NA
"Notiosorex_crawfordi",-1.34707364796661,1.38629436111989,1.9218120556728,0.00321802091713596
"Blarina_carolinensis",-0.400477566597125,2.32238772029023,5.39348472335485,NA
"Blarina_brevicauda",0.048790164169432,3.04452243772342,9.26911687380136,0.00320872773945131
"Suncus_murinus",0.570979546585738,3.95699637107088,15.6578202806681,NA
"Suncus_etruscus",-1.96611285637283,0.78845736036427,0.621665009112592,NA
"Myosorex_varius",-0.7339691750802,2.50959926237837,6.29808845773006,0.00323886639676113
"Crocidura_hildegardeae",-0.653926467406664,2.30258509299405,5.30189811047842,0.00323781771086288
"Crocidura_leucodon",-0.510825623765991,2.45958884180371,6.04957727072532,NA
"Crocidura_russula",-0.776528789498996,2.34180580614733,5.48405443370535,0.00324833522819555
"Crocidura_poensis",-0.462035459596559,2.85070650150373,8.12652755771563,0.00323991576219018
"Crocidura_olivieri",0.157003748809665,3.6609942506244,13.4028789031049,0.00324201653428433
"Crocidura_luna",-0.693147180559945,2.46809953147162,6.09151529725043,0.00324728040266277
"Crocidura_viaria",-0.82098055206983,2.68784749378469,7.22452414984464,0.00325044693645376
"Condylura_cristata",0.797507195884188,3.89182029811063,15.1462652327859,0.0032169856844137
"Scapanus_latimanus",0.22314355131421,4.11087386417331,16.8992839271432,NA
"Scapanus_orarius",0.048790164169432,4.11414718951828,16.9262070970212,NA
"Scapanus_townsendii",0.783901543828409,4.86830338551846,23.7003778534505,NA
"Neurotrichus_gibbsii",-0.0725706928348354,2.46809953147162,6.09151529725043,0.00320975766329642
"Scalopus_aquaticus",0.307484699747961,3.87120101090789,14.9861972668543,0.00323467572375869
"Atelerix_albiventris",1.09192330051731,6.10924758276437,37.3229060275123,0.00324306794227339
"Hemiechinus_auritus",1.11514159061932,5.98393628068719,35.8074934113244,0.00325839035516455
"Erinaceus_concolor",1.94161522477243,6.71259161417488,45.0588861786909,0.00324306794227339
"Erinaceus_europaeus",1.9139771019523,6.61873898351722,43.8077057319306,0.00325573823864561
"Paraechinus_aethiopicus",0.815364813284194,6.11589212548303,37.4041364905453,0.00325372551571549
"Hylomys_suillus",0.476234178996372,4.34769395559338,18.9024427315032,0.00322113061684651
"Echinosorex_gymnura",2.31648799816304,6.58091649132916,43.3084618658481,0.00323153982872839
"Lepus_americanus",3.18096625179498,7.36327958696304,54.2178862757866,0.00319539862597859
"Lepus_arcticus",3.07823349506573,8.00770001288403,64.1232594963429,0.00320461464508893
"Lepus_alleni",3.41608599415591,8.12029131396856,65.9391310237132,0.00321285140562249
"Lepus_townsendii",3.23356737361119,7.79564653633459,60.7721049194655,0.00321181949574434
"Lepus_californicus",3.11129061418826,7.59538727885397,57.6899079157767,0.00320615581917281
"Lepus_timidus",3.84460032911071,8.05515773181968,64.8855660844944,0.00319642000958926
"Sylvilagus_audubonii",2.17361471169709,6.51085340153446,42.3912120162728,0.00321130378933847
"Ochotona_dauurica",1.6094379124341,4.84968376303849,23.5194326014792,NA
"Ochotona_princeps",1.20896034583698,4.69134788222914,22.0087449520958,0.00319233838786911
"Ochotona_curzoniae",1.34025042261848,4.76643833358421,22.718934387861,NA
"Graphiurus_ocularis",0.285178942233662,4.21656219494635,17.7793967438508,0.00325044693645376
"Aplodontia_rufa",1.71739505393919,6.44571981938558,41.5473039900201,0.00321388397878837
"Funisciurus_isabella",0.717839793150317,4.0943445622221,16.7636573941977,NA
"Funisciurus_pyrropus",1.29198368164865,5.4971682252932,30.2188584971732,NA
"Funisciurus_lemniscatus",0.587786664902119,4.55387689160054,20.7377947438534,NA
"Funisciurus_congicus",0.672944473242426,4.7211738617444,22.2894826328185,0.00319590923617769
"Paraxerus_cepapi",1.07158361628019,5.40985874128094,29.2665716006138,0.00319897632757518
"Paraxerus_palliatus",1.66770682055808,5.90427133540561,34.8604200020923,0.00319488817891374
"Epixerus_ebii",1.57897870494939,6.13122648948314,37.5919382653397,NA
"Heliosciurus_rufobrachium",0.985816794522765,5.4380793089232,29.5727065701386,NA
"Tamias_speciosus",0.741937344729377,4.25844557290253,18.1343586973732,NA
"Tamias_palmeri",0.819779831493311,4.23988686751276,17.9766406493072,NA
"Tamias_minimus",0.431782416425538,3.8416005411316,14.7578947176226,0.0032242463324198
"Tamias_alpinus",0.148420005118273,3.66612246699132,13.4404539429785,NA
"Tamias_merriami",0.457424847038875,4.31748811353631,18.6407036105273,0.0032242463324198
"Tamias_amoenus",0.662687973075237,4.04830062372069,16.3887379400173,0.0032242463324198
"Tamias_striatus",0.593326845277734,4.47049528266149,19.9853280722986,0.00321181949574434
"Ammospermophilus_leucurus",0.688134638736401,4.56434819146784,20.8332744129557,0.00322841000807102
"Cynomys_ludovicianus",2.13888900032326,7.01418522259798,49.1987943369119,0.00322736808132968
"Marmota_monax",2.58776403522771,7.88231491898027,62.1308884819789,NA
"Marmota_flaviventris",3.43559880837949,8.36497397843873,69.9727896599571,0.00322945260778298
"Xerus_princeps",1.96150224381515,6.44094654063292,41.4857923392912,0.00323362974939369
"Xerus_inauris",1.82937633279936,6.24474925533418,38.9968932619968,0.00324728040266277
"Glaucomys_volans",0.262364264467491,4.11903717481247,16.9664672474871,NA
"Sciurus_aberti",2.15755932094379,6.43615036836943,41.4240315642619,0.00320769847634322
"Tamiasciurus_hudsonicus",1.58923520511658,5.41164605185504,29.2859129905582,NA
"Hystrix_africaeaustralis",3.7091721573817,9.27799902045,86.0812658234712,0.00320872773945131
"Heterocephalus_glaber",-0.653926467406664,3.66356164612965,13.4216839349922,0.00327600327600328
"Heliophobius_argenteocinereus",0.405465108108164,4.47733681447821,20.0465449502819,0.0032441200324412
"Cryptomys_hottentotus",0.336472236621213,4.62497281328427,21.3903735236186,0.00323676970383557
"Georychus_capensis",0.815364813284194,5.25227342804663,27.5863761629647,0.00323049588111775
"Bathyergus_suillus",1.92570744173779,6.56807791141198,43.139647450378,0.00324201653428433
"Bathyergus_janetta",1.48160454092422,6.00635315960173,36.0762782778577,0.00324833522819555
"Erethizon_dorsata",4.02356438016105,9.3179383825742,86.8239757014495,NA
"Coendou_prehensilis",2.91452221812845,8.09559870137819,65.5387183337562,0.00322736808132968
"Dolichotis_salinicola",2.67965072658051,7.38585107812521,54.5507961482433,0.00320975766329642
"Hydrochoeris_hydrochaeris",4.88620521571808,10.1805509458398,103.64361756084,0.0032232070910556
"Kerodon_rupestris",1.97962120639763,6.68586094706836,44.7007366035338,0.00321181949574434
"Galea_musteloides",1.66770682055808,5.77455154554441,33.3454455521493,0.00321802091713596
"Cavia_porcellus",1.9387416595767,6.44413125670044,41.5268276535836,0.00320358801858081
"Microcavia_niata",1.26129787094521,5.54126354515843,30.7056016769018,NA
"Dasyprocta_leporina",3.44329855768079,7.89618060861549,62.3496682038753,0.00321078824851501
"Dasyprocta_azarae",3.6341592419137,8.25556865328375,68.1544137890813,0.00321905681635281
"Myoprocta_acouchy",2.31154483436552,6.81783057145415,46.4828137010548,0.00324096580781073
"Cuniculus_paca",4.0102380529251,9.12216468107246,83.2138884686058,0.00322216851941357
"Ctenomys_opimus",1.02604159583327,5.36597601502185,28.7936985937898,0.00323467572375869
"Ctenomys_fulvus",1.33500106673234,5.7037824746562,32.5331345181952,0.00322841000807102
"Ctenomys_maulinus",1.3244189574018,5.37063802812766,28.843752829171,0.00323258445126879
"Ctenomys_talarum",0.792992515529661,4.75359019110636,22.5966197049826,0.00323572237502022
"Ctenomys_australis",0.841567185678219,5.82894561761021,33.9766070130573,0.00322216851941357
"Ctenomys_peruanus",1.48839958405704,6.19440539110467,38.3706581493466,0.00324306794227339
"Tympanoctomys_barrerae",0.438254930931155,4.26829786934554,18.2183667014597,NA
"Octomys_mimax",0.837247524533702,4.77575648656363,22.8078500189546,NA
"Octodontomys_gliroides",0.966983846189673,5.02388052084628,25.2393754877387,0.00322216851941357
"Spalacopus_cyanus",0.717839793150317,4.91265488573605,24.1341780263463,0.00323049588111775
"Aconaemys_fuscus",0.887891257352457,4.71849887129509,22.264231598413,0.00322113061684651
"Octodon_degus",1.34807314829969,5.32787616878958,28.3862644699559,0.00321802091713596
"Octodon_lunatus",1.23547147138531,5.15444699612833,26.5683238358964,NA
"Octodon_bridgesi",1.30291275218084,5.17105201550216,26.739778947029,NA
"Thrichomys_apereoides",1.42310833424261,5.77765232322266,33.3812663680402,0.00321802091713596
"Myocastor_coypus",4.10742530176063,8.37216741936598,70.0931872978932,0.00324939073923639
"Proechimys_semispinosus",1.84054963339749,6.21060007702465,38.5715533167386,0.00321491721588169
"Capromys_pilorides",2.49732916978656,7.87473912517181,62.0115162895117,0.00323781771086288
"Geocapromys_ingrahami",1.66581824587021,6.65286302935335,44.2605864873366,NA
"Geocapromys_brownii",2.69462718077007,7.80628928926703,60.9381524677252,NA
"Lagostomus_maximus",3.64126360017227,8.82232217747174,77.8333686031097,NA
"Lagidium_viscacia",2.64191039859766,7.62851762657506,58.1942811789664,NA
"Chinchilla_chinchilla",1.51292701205326,6.11897786740694,37.441890141816,NA
"Chinchilla_lanigera",1.51072193949494,6.05443934626937,36.6562357976547,0.00323781771086288
"Pedetes_capensis",2.76820412392196,7.74066440191724,59.9178853831088,0.00323572237502022
"Napaeozapus_insignis",-0.2484613592985,3.07269331469012,9.44144420614136,0.0032242463324198
"Zapus_hudsonius",-0.105360515657826,3.40119738166216,11.5681436290255,NA
"Jaculus_orientalis",1.02604159583327,4.9351930989294,24.3561309237204,0.0032242463324198
"Jaculus_jaculus",0.615185639090233,4.31079912538551,18.5829890994245,0.0032242463324198
"Spalax_ehrenbergi",0.792992515529661,4.85203026391962,23.5421976819919,NA
"Cannomys_badius",1.23837423104327,5.8406416573734,34.1130949698455,0.00323467572375869
"Tachyoryctes_splendens",1.10856261952128,5.25227342804663,27.5863761629647,0.00323572237502022
"Mystromys_albicaudatus",0.932164081030445,4.54116485601218,20.6221782494801,0.00325785958625183
"Steatomys_pratensis",-0.3147107448397,3.31418600467253,10.9838288735673,0.0032546786004882
"Malacothrix_typica",-0.891598119283784,3.07731226054641,9.46985074890926,NA
"Saccostomus_campestris",0.0295588022415444,4.11577984294217,16.9396437155691,0.00323676970383557
"Cricetomys_gambianus",3.13200989184654,7.53417487749137,56.7637910846221,0.00323886639676113
"Phodopus_sungorus",0.438254930931155,3.31054301339402,10.959695043532,0.00322945260778298
"Phodopus_campbelli",-0.23572233352107,3.17805383034795,10.1000261485893,0.00323781771086288
"Mesocricetus_auratus",0.72270598280149,4.78164132910387,22.8640938001942,0.00323049588111775
"Cricetus_cricetus",1.53686721959926,5.89164421182577,34.7114715187401,NA
"Cricetulus_migratorius",-0.127833371509885,3.42426265459315,11.7255747276413,0.00321285140562249
"Lemmiscus_curtatus",0.00995033085316809,3.41114771251532,11.6359287165985,0.0032232070910556
"Arborimus_pomo",0.165514438477573,3.08190996979504,9.49816906192206,0.00322113061684651
"Lasiopodomys_brandtii",0.438254930931155,3.69635146895264,13.6630141820283,NA
"Microtus_subterraneus",-0.0100503358535015,2.87919845729804,8.28978375650741,0.00321595111754301
"Microtus_longicaudus",0.22314355131421,3.40784192438082,11.6133865815676,0.00321388397878837
"Microtus_agrestis",0.246860077931526,3.3322045101752,11.1035868976319,0.00321802091713596
"Microtus_mexicanus",-0.0618754037180875,3.3603753871419,11.2921227425091,NA
"Microtus_ochrogaster",0.506817602368452,3.85862222870103,14.8889655038257,0.00321595111754301
"Microtus_breweri",0.392042087776024,3.97217692824789,15.7781895493048,0.00322113061684651
"Microtus_californicus",0.314810739840034,3.78418963391826,14.3200911854544,NA
"Microtus_pennsylvanicus",0.412109650826833,3.6609942506244,13.4028789031049,NA
"Microtus_montanus",0.587786664902119,3.93573953204546,15.4900456641054,0.00321388397878837
"Microtus_richardsoni",1.24415459395877,4.38202663467388,19.2021574269913,0.00320666987333654
"Microtus_arvalis",0.19062035960865,3.17805383034795,10.1000261485893,NA
"Microtus_guentheri",0.476234178996372,3.7796338173824,14.2856317935007,0.00322216851941357
"Microtus_oeconomus",0.703097511413113,3.56671182013973,12.7214332079245,0.00321388397878837
"Microtus_cabrerae",-0.0202027073175195,3.76120011569356,14.1466263102933,0.00322113061684651
"Microtus_pinetorum",0.113328685307003,3.16968558067743,10.0469066803544,0.00321802091713596
"Microtus_xanthognathus",0.683096844706444,4.22683374526818,17.8661235101378,0.00321388397878837
"Microtus_townsendii",0.593326845277734,3.95508249488859,15.6426775413742,NA
"Arvicola_amphibius",0.819779831493311,4.5798523780038,20.9750478043071,0.00321905681635281
"Chionomys_nivalis",0.858661619037519,3.62434093297637,13.135847198448,0.00321285140562249
"Myodes_rufocanus",0.173953307123438,3.29583686600433,10.8625406473132,NA
"Myodes_californicus",0.207014169384326,2.90690105984738,8.45007377174182,0.00321905681635281
"Myodes_gapperi",-0.116533816255952,3.1267605359604,9.77663144923937,0.0032169856844137
"Myodes_glareolus",0.139761942375159,3.20274644293832,10.2575847777541,0.0032232070910556
"Myodes_rutilus",0.438254930931155,3.3322045101752,11.1035868976319,NA
"Ondatra_zibethicus",2.55800220485855,6.91234473131594,47.7805096845512,0.0032200933827081
"Phenacomys_intermedius",0.300104592450338,3.06805293513362,9.41294881278202,0.00321491721588169
"Lemmus_trimucronatus",0.343589704390077,3.78418963391826,14.3200911854544,0.00321078824851501
"Dicrostonyx_groenlandicus",0.746687947487975,4.13196142579341,17.0731052242447,0.00321181949574434
"Myopus_schisticolor",0.647103242058538,3.27336401015227,10.7149119429602,0.00320358801858081
"Neofiber_alleni",1.47017584510059,5.55334710672457,30.8396640877662,0.0032232070910556
"Alticola_argentatus",0.936093359170335,3.96840333886425,15.7482250599089,NA
"Neotoma_fuscipes",1.08518926833597,5.22950305054768,27.3477021556875,0.00322841000807102
"Neotoma_cinerea",1.61541998411165,5.77112954811581,33.3059362611354,NA
"Neotoma_lepida",0.693147180559945,4.93087032562739,24.3134821681528,0.00322632682690757
"Neotoma_albigula",1.04380405217311,5.26579417484248,27.728588291805,NA
"Ochrotomys_nuttalli",-0.616186139423817,2.9704144655697,8.82336209726573,NA
"Baiomys_taylori",-1.23787435600162,1.98787434815435,3.95164442405008,0.00323467572375869
"Scotinomys_xerampelinus",-0.446287102628419,2.72129542785223,7.40544880564945,0.00322945260778298
"Scotinomys_teguina",-0.462035459596559,2.484906649788,6.17476105816062,0.00321491721588169
"Peromyscus_sitkensis",-0.0618754037180875,3.34286180464919,11.1747250449824,0.00323467572375869
"Onychomys_torridus",-0.527632742082372,2.94968833505258,8.70066127394526,NA
"Peromyscus_boylii",0.0861776962410524,3.14415227867226,9.88569355147997,NA
"Peromyscus_crinitus",-0.478035800943,3.03974915897077,9.2400749494635,NA
"Megadontomys_thomasi",0.912282710476616,4.70772677431318,22.1626913815852,NA
"Peromyscus_leucopus",-0.342490308946776,3.05400118167797,9.32692321769044,0.00322736808132968
"Peromyscus_polionotus",-0.843970070294529,2.484906649788,6.17476105816062,NA
"Peromyscus_californicus",0.157003748809665,3.90399083373088,15.2411444298547,0.00323049588111775
"Peromyscus_eremicus",-0.430782916092454,3.06805293513362,9.41294881278202,0.00322841000807102
"Peromyscus_truei",0.22314355131421,3.50254987592244,12.2678556333243,0.00322736808132968
"Peromyscus_gossypinus",-0.301105092783922,3.06805293513362,9.41294881278202,NA
"Peromyscus_oreas",-0.139262067333508,3.20274644293832,10.2575847777541,0.00323258445126879
"Peromyscus_maniculatus",-0.2484613592985,2.94968833505258,8.70066127394526,0.00322632682690757
"Peromyscus_megalops",0.598836501088704,4.19268046294296,17.5785694643436,NA
"Reithrodontomys_megalotis",-0.916290731874155,2.02814824729229,4.11338531299479,NA
"Isthmomys_pirrensis",0.89199803930511,4.92652878479926,24.2706858674557,0.00321802091713596
"Podomys_floridanus",0.0392207131532813,3.42751468997953,11.7478569500255,NA
"Sigmodon_alleni",1.42551507427317,5.04728861174429,25.4751223302436,NA
"Sigmodon_leucotis",1.31908561142644,4.85670681180352,23.5876010558187,NA
"Sigmodon_fulviventer",1.59127394180643,5.11439452838711,26.157031391996,NA
"Sigmodon_hispidus",0.932164081030445,5.02650864325255,25.2657891406926,0.00321285140562249
"Sigmodon_ochrognathus",1.1314021114911,4.74580131572784,22.5226301283641,NA
"Eligmodontia_typus",-0.510825623765991,2.86220088092947,8.19219388279343,0.00323049588111775
"Reithrodon_auritus",0.438254930931155,4.36564315542336,19.0588401604948,NA
"Oligoryzomys_longicaudatus",0.0295588022415444,3.33932197794407,11.1510712723803,0.00322113061684651
"Akodon_azarae",-0.22314355131421,3.15700042115011,9.96665165914197,0.0032169856844137
"Oxymycterus_roberti",0.60431596685333,4.42484663185681,19.5792677154546,0.00321130378933847
"Chelemys_macronyx",0.524728528934982,4.12713438504509,17.0332382322215,NA
"Abrothrix_longipilis",0.148420005118273,3.74478708605223,14.0234303198636,0.0032200933827081
"Calomys_lepidus",-0.544727175441672,2.77258872223978,7.68724822269122,NA
"Calomys_musculinus",-0.579818495252942,2.82731362192903,7.99370231674545,0.00323258445126879
"Calomys_callosus",0.357674444271816,3.87120101090789,14.9861972668543,NA
"Graomys_griseoflavus",0.524728528934982,4.23988686751276,17.9766406493072,0.00323362974939369
"Phyllotis_darwini",0.357674444271816,4.07753744390572,16.6263116064532,0.00323258445126879
"Phyllotis_magister",0.207014169384326,3.92592591059714,15.412894255498,NA
"Auliscomys_boliviensis",0.797507195884188,4.34120464015363,18.8460577276914,0.00323153982872839
"Phyllotis_xanthopygus",0.113328685307003,3.5945687746427,12.9209246756363,NA
"Euneomys_chinchilloides",0.524728528934982,4.18052225846315,17.4767663535058,NA
"Myotomys_unisulcatus",0.76080582903376,4.56434819146784,20.8332744129557,0.00324728040266277
"Myotomys_sloggetti",0.989541193613748,4.73003916803396,22.3732705311354,0.00321947136280223
"Millardia_meltada",0.165514438477573,4.21064501791826,17.7295314669199,NA
"Hydromys_chrysogaster",2.17928687664955,6.62007320653036,43.8253692598212,0.00322841000807102
"Conilurus_penicillatus",1.17865499634165,5.35800036870921,28.708167951088,0.00323572237502022
"Uromys_caudimaculatus",2.43449016387398,6.70808408385307,44.9983920760429,0.00324939073923639
"Notomys_alexis",-0.0943106794712413,3.47506723022861,12.0760922546087,0.00321388397878837
"Notomys_cervinus",-0.174353387144778,3.53222564406856,12.4766180006156,0.00320924261874198
"Pseudomys_gracilicaudatus",0.518793793415168,4.37952350445576,19.1802261260805,0.0032200933827081
"Pseudomys_hermannsburgensis",-0.755022584278033,2.50143595173921,6.25718182065345,0.00321646831778707
"Mastomys_natalensis",-0.415515443961666,3.72569342723665,13.8807915137544,0.0032169856844137
"Mus_minutoides",-0.82098055206983,2.11625551480255,4.47853740393221,NA
"Mus_spretus",0.215111379616945,3.08190996979504,9.49816906192206,NA
"Apodemus_mystacinus",0.122217632724249,3.6988297849671,13.6813417781598,0.00323991576219018
"Apodemus_sylvaticus",-0.139262067333508,3.17387845893747,10.0735044721073,0.00322736808132968
"Golunda_ellioti",0.198850858745165,4.02891675689965,16.2321702340268,NA
"Lemniscomys_griselda",0.139761942375159,3.8607297110406,14.9052339017116,0.00322549430700255
"Rhabdomys_pumilio",-0.446287102628419,3.67882911826043,13.5337836813608,0.00321802091713596
"Micaelamys_namaquensis",0.048790164169432,4.19418989719182,17.5912288937059,0.00323676970383557
"Stochomys_longicaudatus",0.412109650826833,4.65396035015752,21.6593469408383,NA
"Otomys_irroratus",0.62057648772511,4.71492104994721,22.2304805072353,0.00321802091713596
"Parotomys_brantsii",0.524728528934982,4.46014441393783,19.8928881931808,0.0032441200324412
"Micromys_minutus",-0.843970070294529,2.00148000021012,4.0059221912411,NA
"Rattus_colletti",0.900161349944271,5.11017892443252,26.1139286397143,0.00323258445126879
"Rattus_fuscipes",0.524728528934982,4.33073334028633,18.7552512646676,0.00321957501609788
"Rattus_lutreolus",0.2390169004705,4.69134788222914,22.0087449520958,0.00322736808132968
"Rattus_sordidus",0.76080582903376,5.23110861685459,27.3644973613303,0.00323572237502022
"Rattus_villosissimus",1.07158361628019,5.51262196919504,30.3890009752518,0.00323467572375869
"Rattus_rattus",1.21491274436427,4.88280192258637,23.8417546152131,0.00321388397878837
"Thallomys_paedulcus",0.322083499169113,4.82591085268599,23.2894155580724,0.0032334206356905
"Acomys_subspinosus",0.518793793415168,3.47506723022861,12.0760922546087,0.0032232070910556
"Acomys_russatus",-0.198450938723838,3.93378449720966,15.4746604704871,NA
"Acomys_cahirinus",-0.0725706928348354,3.73766961828337,13.9701741754386,NA
"Acomys_spinosissimus",-0.127833371509885,3.29583686600433,10.8625406473132,0.00323049588111775
"Meriones_unguiculatus",0.438254930931155,4.20319896713418,17.6668815573178,NA
"Meriones_tristrami",0.683096844706444,4.71849887129509,22.264231598413,0.00322945260778298
"Meriones_hurrianae",0.0676586484738149,4.28082412916472,18.3254552248389,NA
"Gerbillus_pusillus",-1.30933331998376,2.53369681395743,6.41961954505803,0.00324896845251633
"Gerbillus_nanus",-0.798507696217772,3.34638914516716,11.1983203108926,0.00320564192979644
"Gerbillus_perpallidus",0.0198026272961797,4.01277290852829,16.1023464154186,NA
"Gerbillus_andersoni",-0.2484613592985,3.56388296393925,12.7012617806564,0.00322113061684651
"Gerbillus_pyramidum",0.0582689081239758,3.97029191355212,15.7632178788174,NA
"Gerbillus_gerbillus",-0.162518929497775,3.39114704580865,11.4998782862967,NA
"Dipodillus_dasyurus",-0.527632742082372,3.3178157727231,11.0079015017302,0.00320769847634322
"Gerbilliscus_leucogaster",0.978326122793608,5.06006017742378,25.60420899915,0.00324433053239464
"Gerbilliscus_afra",1.29746314741327,4.66814498514948,21.7915776023762,0.00323676970383557
"Gerbillurus_paeba",-0.356674943938732,3.5234150143864,12.4144533636035,0.00320666987333654
"Gerbillurus_tytonis",-0.446287102628419,3.39785848039664,11.5454422528034,0.00322528624415417
"Gerbillurus_vallinus",-0.356674943938732,3.65842024662923,13.3840387009467,0.0032200933827081
"Gerbillurus_setzeri",-0.301105092783922,3.8308129500026,14.6751278579076,0.00321802091713596
"Sekeetamys_calurus",-0.083381608939051,4.08597631255158,16.6952024267326,NA
"Tatera_indica",0.418710334858185,4.4636066216663,19.9237840729832,NA
"Desmodillus_auricularis",0.56531380905006,4.275276264727,18.2779871397381,0.00323614122520307
"Castor_canadensis",4.53742653390157,9.63364539821268,92.8071236585044,0.0032232070910556
"Dipodomys_deserti",0.615185639090233,4.66343909411207,21.7476641844928,0.00322632682690757
"Dipodomys_nitratoides",-0.0725706928348354,3.63230910262554,13.1936694170164,NA
"Dipodomys_merriami",-0.139262067333508,3.6454498961866,13.2893049456069,0.0032242463324198
"Dipodomys_ordii",0.246860077931526,3.8877303128591,15.1144469855235,NA
"Dipodomys_heermanni",0.385262400790645,4.14788532915013,17.2049527037789,NA
"Dipodomys_panamintinus",0.405465108108164,4.16200321069592,17.3222707258431,0.00325679856700863
"Dipodomys_microps",0.29266961396282,4.04655389838575,16.3745984525409,0.00324517280545189
"Dipodomys_agilis",0.246860077931526,4.10429489307527,16.8452365693237,0.0032242463324198
"Microdipodops_megacephalus",-0.49429632181478,2.39789527279837,5.74990173930877,0.00326850792613172
"Microdipodops_pallidus",-0.916290731874155,2.72129542785223,7.40544880564945,0.00320051208193311
"Liomys_irroratus",0.0769610411361284,3.87328217711172,15.0023148235313,0.00322809735941636
"Heteromys_anomalus",0.703097511413113,4.23844490619586,17.9644152228576,0.00323467572375869
"Heteromys_desmarestianus",0.688134638736401,4.32809829264833,18.7324348308254,0.00325785958625183
"Liomys_salvini",-0.0618754037180875,3.7796338173824,14.2856317935007,0.00322331098504384
"Chaetodipus_baileyi",-0.356674943938732,3.37073817417745,11.3618758388571,0.00327171601504989
"Chaetodipus_fallax",-0.616186139423817,2.97552956623647,8.8537761995474,0.00327064595257563
"Chaetodipus_californicus",-0.843970070294529,3.09104245335832,9.55454344846342,NA
"Chaetodipus_intermedius",-1.17118298150295,2.68102152871429,7.18787643742951,0.0032441200324412
"Chaetodipus_penicillatus",-0.798507696217772,2.77258872223978,7.68724822269122,NA
"Chaetodipus_hispidus",-0.0100503358535015,3.67630067190708,13.5151866302644,0.00323991576219018
"Perognathus_longimembris",-1.66073120682165,2.18605127673809,4.77882018452823,0.0032485462755417
"Perognathus_flavus",-1.04982212449868,2.11625551480255,4.47853740393221,0.00324939073923639
"Geomys_pinetis",1.04731899428056,5.29831736654804,28.0721669166646,0.00323153982872839
"Geomys_bursarius",1.01884732019925,5.28320372873799,27.912241639351,0.00324517280545189
"Thomomys_umbrinus",0.371563556432483,4.44265125649032,19.737150186795,0.00324939073923639
"Thomomys_bottae",0.879626747502564,4.96284463025991,24.6298268240996,0.00323467572375869
"Thomomys_talpoides",0.783901543828409,4.66343909411207,21.7476641844928,0.00323991576219018
"Tupaia_glis",0.631271776841858,4.81218435537242,23.1571182700911,0.0032242463324198
"Tupaia_belangeri",0.932164081030445,5.2257466737132,27.3084282978246,NA
"Ptilocercus_lowii",-0.139262067333508,4.06044301054642,16.4871974418953,0.00323781771086288
"Galago_moholi",0.879626747502564,5.04985600724954,25.5010456939543,NA
"Otolemur_crassicaudatus",2.11021320034659,6.85329909318608,46.9677084606651,0.00322841000807102
"Euoticus_elegantulus",1.46093790411566,5.5683445037611,31.0064605125665,NA
"Perodicticus_potto",2.33214389523559,7.23417717974985,52.3333194680135,NA
"Arctocebus_calabarensis",0.974559639998131,5.32787616878958,28.3862644699559,NA
"Loris_tardigradus",0.867100487683383,5.57215403217776,31.0489005583149,0.00323467572375869
"Nycticebus_coucang",1.83577635464483,7.17011954344963,51.4106142673583,0.00325044693645376
"Propithecus_verreauxi",2.61958321977988,8.03268487596762,64.5240263165989,NA
"Cheirogaleus_medius",1.36609165380237,5.7037824746562,32.5331345181952,0.00324517280545189
"Eulemur_fulvus",1.87180217690159,7.75362354655975,60.1186781017658,0.00321181949574434
"Saimiri_sciureus",2.48073127837752,6.74523634948436,45.4982134104051,NA
"Callimico_goeldii",1.72097928716701,6.32256523992728,39.9748312131367,0.00323467572375869
"Callithrix_jacchus",1.12167756159911,5.87493073085203,34.5148110923096,NA
"Callithrix_pygmaea",0.678033542749897,5.02716459604747,25.2723838757531,0.00324306794227339
"Leontopithecus_rosalia",2.03470564783844,6.59714570188665,43.5223314119215,NA
"Aotus_trivirgatus",2.2213750375685,6.92755790627832,47.9910585448393,0.0032169856844137
"Homo_sapiens",5.5417340227018,11.0103986440189,121.228878300213,NA
"Pan_troglodytes",5.20636653780013,10.4311702933685,108.809313689254,NA
"Colobus_guereza",4.09584343834584,9.25913053614561,85.7314982853841,0.00322113061684651
"Macaca_mulatta",3.77917709209472,8.7371316117815,76.3374688015916,NA
"Cercopithecus_mitis",4.22347043143019,9.04782144247841,81.8630728549721,0.00321388397878837
"Tarsius_syrichta",0.438254930931155,4.7361984483945,22.4315757425745,0.00323676970383557
"Dromiciops_gliroides",-0.446287102628419,3.68887945411394,13.607831626984,0.00324359390204346
"Notoryctes_caurinus",-0.843970070294529,3.53222564406856,12.4766180006156,0.00329218106995885
"Macrotis_lagotis",1.96150224381515,6.91869521902047,47.8683435336967,0.00324622626197046
"Perameles_nasuta",1.8484548129046,6.46925031679577,41.8511996613622,0.00323362974939369
"Perameles_gunnii",2.13298230860787,6.73018242921039,45.2953555304523,0.00324306794227339
"Isoodon_macrourus",2.54709867004445,7.34665516317654,53.9733420866285,0.00323572237502022
"Isoodon_obesulus",1.49514876603197,6.57535474173098,43.2352899796041,0.00325679856700863
"Isoodon_auratus",1.10194007876078,6.0591231955818,36.7129738992374,0.00325785958625183
"Echymipera_kalubu",1.92278773163446,6.54391184556479,42.8227822425232,0.00324517280545189
"Echymipera_rufescens",2.38508631450579,7.15148546390474,51.1437443404408,0.00324306794227339
"Myrmecobius_fasciatus",1.31640823365572,6.17378610390194,38.1156348567327,0.00325679856700863
"Planigale_maculata",-1.30933331998376,2.57261223020711,6.6183336870112,0.0032536196518627
"Planigale_tenuirostris",-1.46967597005894,1.96009478404727,3.84197156244931,0.00325044693645376
"Planigale_ingrami",-1.46967597005894,1.96009478404727,3.84197156244931,0.00325044693645376
"Planigale_gilesi",-1.34707364796661,2.24070968927596,5.02077991161517,0.00323572237502022
"Antechinomys_laniger",-0.7339691750802,3.18635263316264,10.1528431028625,0.00322841000807102
"Sminthopsis_murina",-0.843970070294529,2.94443897916644,8.66972090203471,NA
"Sminthopsis_crassicaudata",-0.82098055206983,2.87356463957978,8.25737373784327,0.00325256139209628
"Sminthopsis_macroura",-0.755022584278033,3.09104245335832,9.55454344846342,0.00325679856700863
"Ningaui_yvonnae",-1.13943428318836,2.45100509811232,6.00742599097258,0.00325150382051699
"Phascogale_tapoatafa",0.936093359170335,5.05751887999511,25.578497221507,0.0032200933827081
"Antechinus_swainsonii",0.246860077931526,4.20319896713418,17.6668815573178,0.00323467572375869
"Antechinus_stuartii",-0.3147107448397,3.59731226058845,12.94065550018,0.00325150382051699
"Antechinus_flavipes",-0.0943106794712413,3.83945231259331,14.7413940606781,0.0032441200324412
"Pseudantechinus_macdonnellensis",-0.59783700075562,3.7635229971097,14.1641053497736,0.0032536196518627
"Sarcophilus_harrisii",3.34603697048488,8.52714352226941,72.7121766493812,0.00322632682690757
"Dasyurus_hallucatus",1.78842056796254,6.37058567987654,40.584361904648,0.00321285140562249
"Dasyurus_maculatus",2.46894663020927,7.48549160803075,56.0325846138988,0.00322528624415417
"Dasyurus_viverrinus",2.10657020906809,6.81333470336264,46.4215297800457,0.00322736808132968
"Dasyurus_geoffroii",2.43536620422786,7.21081845347222,51.9959027689355,0.00323258445126879
"Dasycercus_cristicauda",-0.0725706928348354,4.48638664999812,20.1276651732814,0.0032169856844137
"Dasyuroides_byrnei",0.506817602368452,4.772378104972,22.7755927768161,0.00325256139209628
"Tarsipes_rostratus",-0.544727175441672,2.30258509299405,5.30189811047842,0.0032242463324198
"Petaurus_breviceps",0.576613364303994,4.85281120890269,23.5497766292516,0.00323049588111775
"Gymnobelideus_leadbeateri",0.727548607277278,5.11198778835654,26.1324191483064,NA
"Pseudocheirus_peregrinus",1.7404661748405,6.75704866155743,45.6577066146551,NA
"Petauroides_volans",2.43798973000025,7.03966034986208,49.5568178414203,0.00324096580781073
"Acrobates_pygmaeus",-1.20397280432594,2.63905732961526,6.96462358899603,0.00322736808132968
"Bettongia_penicillata",2.40423874672055,6.97541392745595,48.6563994593464,NA
"Bettongia_gaimardi",2.55567572067621,7.23345541862144,52.3228772931839,0.00323886639676113
"Aepyprymnus_rufescens",3.06898273529358,7.94449216393216,63.1149557427795,0.00322841000807102
"Setonix_brachyurus",2.78068089213712,7.82803803212583,61.2781794324084,NA
"Macropus_robustus",4.71662211128223,10.2853427950052,105.788276410765,0.00323991576219018
"Macropus_rufus",4.75471025325767,10.3886876286631,107.924830645938,0.00323572237502022
"Macropus_eugenii",3.32970137995709,8.4755375161474,71.834736187622,0.00323049588111775
"Lagorchestes_conspicillatus",2.8384934971275,7.88608140177575,62.1902798754334,0.00323467572375869
"Dendrolagus_matschiei",3.37929254627411,8.84793475332846,78.2859493991575,0.00322945260778298
"Potorous_tridactylus",2.31451366385932,7.02108396428914,49.2956200335981,NA
"Trichosurus_vulpecula",2.54474665014402,7.59186171488993,57.6363642980115,0.00323258445126879
"Phalanger_sericeus",2.15292431843964,7.21022743690655,51.98737969192,NA
"Phalanger_carmelitae",2.37397508908072,7.23684317549254,52.371899146673,NA
"Phalanger_gymnotis",2.34276688262688,7.35596054076646,54.1101554773132,NA
"Spilocuscus_maculatus",3.01794865207411,8.35467426191846,69.8005820227628,0.00324939073923639
"Burramys_parvus",-0.301105092783922,3.79098467705109,14.3715648216362,0.00323362974939369
"Cercartetus_concinnus",-0.798507696217772,2.92316158071916,8.54487362699254,0.00325150382051699
"Cercartetus_nanus",0.19062035960865,4.24849524204936,18.0497118217161,0.00323991576219018
"Cercartetus_lepidus",-0.967584026261706,2.53369681395743,6.41961954505803,0.00325892129705068
"Phascolarctos_cinereus",3.04690056012839,8.4690528160883,71.7248556016932,0.00323729362253156
"Lasiorhinus_latifrons",3.91601502669768,10.1266311038503,102.548657513468,0.00324201653428433
"Monodelphis_brevicaudata",0.418710334858185,4.70953020131233,22.179674717073,0.00326104679602152
"Monodelphis_domestica",0.19062035960865,4.64439089914137,21.5703668240272,0.00327064595257563
"Metachirus_nudicaudatus",1.41585316336144,5.8171111599632,33.8387822473684,0.00324517280545189
"Thylamys_elegans",-0.150822889734584,3.68887945411394,13.607831626984,NA
"Didelphis_virginiana",3.07176695982999,8.08856180527623,65.4248320777735,0.00324728040266277
"Didelphis_marsupialis",2.507971922719,7.19218205871325,51.7274827656768,0.00324517280545189
"Gracilinanus_microtarsus",-0.967584026261706,2.56494935746154,6.57896520634237,0.00324833522819555
"Lutreolina_crassicaudata",2.09801792725277,6.69950034016168,44.8833048078265,0.00323676970383557
"Philander_opossum",1.9154509415706,6.62140565176413,43.843012805214,0.00323676970383557
"Chironectes_minimus",1.99605993274078,6.82762923450285,46.616520963838,NA
"Caluromys_derbianus",1.40854497005471,5.87773578177964,34.5477779204127,0.00325573823864561
